label,symbol,status,latest_date,latest_close,ytd_pct,return_5d_pct,return_20d_pct,return_60d_pct,error
ABB Ltd ABBN.SW,ABBN.SW,ok,2026-09-24,81.82,35.6,2.9,3.2,-3.7,
AMAT,AMAT,ok,2026-09-23,474.38,77.1,14.2,-1.2,-31.6,
AMD,AMD,ok,2026-09-23,614.61,175.0,19.9,28.3,13.9,
AMZN,AMZN,ok,2026-09-23,249.27,10.1,1.3,-4.5,3.8,
ANET,ANET,ok,2026-09-23,203.47,52.3,5.5,8.1,29.1,
APH,APH,ok,2026-09-23,82.19,18.3,6.0,5.8,0.6,
ASE Technology ASX,ASX,ok,2026-09-23,43.93,163.2,18.3,21.2,10.4,
ASML,ASML,ok,2026-09-23,1744.61,50.6,9.6,0.3,-2.7,
AT&S ATS.VI,ATS.VI,ok,2026-09-24,196.2,498.2,17.3,33.7,3.5,
AVGO,AVGO,ok,2026-09-23,354.99,2.7,4.7,-0.3,-4.5,
Ajinomoto 2802.T,2802.T,ok,2026-09-24,4998.0,51.2,1.6,-6.9,-13.0,
Alfa Laval ALFA.ST,ALFA.ST,ok,2026-09-24,561.0,21.8,0.9,-2.7,-3.1,
Amkor AMKR,AMKR,ok,2026-09-23,53.32,24.8,15.0,11.5,-32.1,
Astera Labs ALAB,ALAB,ok,2026-09-23,360.46,100.7,33.9,27.5,-20.9,
BE Semiconductor BESI.AS,BESI.AS,ok,2026-09-24,186.85,26.1,2.9,-4.2,-28.7,
Bel Fuse BELFB,BELFB,ok,2026-09-23,254.08,47.2,9.6,2.5,-18.2,
Bloom Energy BE,BE,ok,2026-09-23,275.19,178.8,1.9,26.6,0.1,
CARR,CARR,ok,2026-09-23,55.1,4.1,-0.8,-8.1,-24.9,
CAT,CAT,ok,2026-09-23,812.02,36.5,3.6,0.1,-18.4,
CEG,CEG,ok,2026-09-23,263.88,-27.6,1.5,-3.5,0.1,
CIEN,CIEN,ok,2026-09-23,355.91,44.6,6.5,-4.3,-25.8,
CMI,CMI,ok,2026-09-23,524.65,1.5,-2.5,-8.2,-23.2,
COHR,COHR,ok,2026-09-23,300.6,54.7,3.7,4.3,-23.2,
CSCO,CSCO,ok,2026-09-23,106.43,41.3,-1.2,-4.2,-9.2,
DLR,DLR,ok,2026-09-23,181.45,19.4,1.2,-3.1,-5.3,
Danfoss private,,private_or_unlisted,,,,,,,
Delta Electronics 2308.TW,2308.TW,ok,2026-09-24,1910.0,93.0,13.4,7.9,-3.0,
EME,EME,ok,2026-09-23,751.8,17.9,2.2,-1.7,-5.8,
EQIX,EQIX,ok,2026-09-23,1037.66,37.9,3.0,-1.7,-4.5,
ETN,ETN,ok,2026-09-23,438.76,35.2,11.8,7.4,9.2,
Ecolab ECL,ECL,ok,2026-09-23,276.72,6.2,0.8,-3.3,-2.2,
Eoptolink 300502.SZ,300502.SZ,ok,2026-09-24,435.0,43.0,2.5,6.3,-14.5,
FIX,FIX,ok,2026-09-23,1625.9,62.2,3.1,1.0,-12.3,
FN,FN,ok,2026-09-23,400.85,-16.4,6.9,-4.8,-23.6,
Fluence FLNC,FLNC,ok,2026-09-23,7.58,-67.1,-16.2,-32.6,-60.4,
Freeport-McMoRan FCX,FCX,ok,2026-09-23,72.58,40.8,4.6,-6.7,16.5,
Fuji Electric 6504.T,6504.T,ok,2026-09-24,13370.0,11.7,5.7,-4.9,-6.4,
Furukawa Electric 5801.T,5801.T,ok,2026-09-24,3807.0,263.7,-1.0,5.0,-23.7,
GEV,GEV,ok,2026-09-23,951.82,40.3,7.8,1.0,-8.9,
GOOGL,GOOGL,ok,2026-09-23,337.83,7.4,-1.5,-2.6,-4.4,
Generac GNRC,GNRC,ok,2026-09-23,199.42,41.3,13.9,-2.0,-28.4,
HD Hyundai Electric 267260.KS,267260.KS,ok,2026-09-23,708000.0,-12.9,0.1,-3.4,-24.3,
HUBB,HUBB,ok,2026-09-23,463.7,1.0,5.6,0.2,-9.6,
Hanmi Semi 042700.KS,042700.KS,ok,2026-09-23,243500.0,69.0,7.7,10.9,-5.6,
Hitachi 6501.T,6501.T,ok,2026-09-24,5497.0,9.1,3.2,4.4,20.7,
Hyosung Heavy 298040.KS,298040.KS,ok,2026-09-23,2896000.0,57.0,3.2,3.5,-11.5,
INTC,INTC,ok,2026-09-23,122.6,211.3,21.3,40.1,-6.9,
Ibiden 4062.T,4062.T,ok,2026-09-24,22405.0,213.6,17.1,19.2,-15.0,
Infineon IFX.DE,IFX.DE,ok,2026-09-24,56.06,47.6,3.1,-1.9,-26.6,
J,J,ok,2026-09-23,141.12,5.1,-2.6,-6.9,12.6,
JCI,JCI,ok,2026-09-23,145.9,20.3,5.8,2.3,5.7,
Kulicke & Soffa KLIC,KLIC,ok,2026-09-23,90.85,89.3,15.6,9.1,-27.3,
Kurita Water 6370.T,6370.T,ok,2026-09-24,7674.0,18.0,3.4,-5.0,-18.2,
Kyocera 6971.T,6971.T,ok,2026-09-24,3650.0,65.4,3.7,2.1,2.6,
LITE,LITE,ok,2026-09-23,937.0,142.7,1.9,5.8,10.1,
LRCX,LRCX,ok,2026-09-23,307.28,66.5,14.3,-2.2,-25.1,
Linde LIN,LIN,ok,2026-09-23,469.72,10.5,1.5,-3.8,-9.3,
Lynas LYC.AX,LYC.AX,ok,2026-09-24,14.39,17.8,5.3,-12.3,-19.3,
META,META,ok,2026-09-23,744.1,14.7,10.6,30.6,32.4,
MOD,MOD,ok,2026-09-23,193.11,37.1,8.0,2.5,-24.6,
MP Materials MP,MP,ok,2026-09-23,48.89,-11.1,-0.2,-18.7,-10.7,
MRVL,MRVL,ok,2026-09-23,260.9,192.3,13.6,8.5,-6.0,
MSFT,MSFT,ok,2026-09-23,500.59,6.5,2.1,1.8,36.1,
MTZ,MTZ,ok,2026-09-23,217.52,-4.4,-2.3,-14.8,-45.1,
MU,MU,ok,2026-09-23,1071.88,240.0,15.7,14.9,-6.4,
MYR Group MYRG,MYRG,ok,2026-09-23,295.18,30.2,8.8,-3.3,-38.2,
Mitsubishi Electric 6503.T,6503.T,ok,2026-09-24,5274.0,10.7,3.0,-5.3,-11.9,
Mitsubishi Heavy 7011.T,7011.T,ok,2026-09-24,3929.0,-5.3,4.5,-0.7,8.6,
Munters MTRS.ST,MTRS.ST,ok,2026-09-24,134.75,-30.0,-1.5,-20.1,-21.0,
Murata 6981.T,6981.T,ok,2026-09-24,7823.0,137.1,9.2,10.7,-33.8,
NEE,NEE,ok,2026-09-23,77.02,-2.8,-5.0,-7.7,-12.4,
NVDA,NVDA,ok,2026-09-23,225.51,19.7,5.4,6.0,15.8,
Nan Ya PCB 8046.TW,8046.TW,ok,2026-09-24,1240.0,424.3,16.4,-4.2,8.3,
ON,ON,ok,2026-09-23,74.1,30.7,1.2,3.0,-18.3,
ORCL,ORCL,ok,2026-09-23,144.56,-25.4,1.0,-0.1,-1.8,
Organo 6368.T,6368.T,ok,2026-09-24,12675.0,-6.2,6.7,-4.0,-25.9,
POWL,POWL,ok,2026-09-23,192.62,64.1,12.4,1.9,-31.1,
PRIM,PRIM,ok,2026-09-23,74.12,-43.2,-3.4,-1.4,-20.3,
PWR,PWR,ok,2026-09-23,634.9,44.5,3.5,2.9,-7.7,
ROHM 6963.T,6963.T,ok,2026-09-24,4742.0,109.8,6.9,1.6,-16.2,
Rolls-Royce RR.L,RR.L,ok,2026-09-24,1473.6,23.1,-0.4,-4.5,0.9,
SK Hynix 000660.KS,000660.KS,ok,2026-09-23,1862000.0,175.7,5.9,10.3,-29.1,
STM,STM,ok,2026-09-23,52.46,92.8,9.7,6.5,-26.4,
STRL,STRL,ok,2026-09-23,512.0,60.4,11.5,3.1,-36.4,
SUMCO 3436.T,3436.T,ok,2026-09-24,3115.0,115.5,8.7,-9.7,-17.7,
Samsung Electro-Mechanics 009150.KS,009150.KS,ok,2026-09-23,1507000.0,458.1,9.1,13.3,-26.1,
Samsung Electronics 005930.KS,005930.KS,ok,2026-09-23,285500.0,122.9,12.6,9.2,-11.6,
Schneider SU.PA,SU.PA,ok,2026-09-24,294.7,26.3,2.6,-1.0,6.8,
Shin-Etsu 4063.T,4063.T,ok,2026-09-24,5903.0,20.4,2.7,-2.4,-17.4,
Shinko 6967.T,6967.T,no_data,,,,,,,
Siemens Energy ENR.DE,ENR.DE,ok,2026-09-24,144.38,18.1,1.8,-3.9,-12.9,
Sumitomo Electric 5802.T,5802.T,ok,2026-09-24,2200.5,32.6,9.6,2.3,-28.1,
TDK 6762.T,6762.T,ok,2026-09-24,2954.5,32.6,4.9,-2.9,-24.4,
TEL,TEL,ok,2026-09-23,214.39,-7.1,6.4,5.9,8.8,
TSM,TSM,ok,2026-09-23,446.57,40.8,6.9,7.3,-1.6,
TT,TT,ok,2026-09-23,437.09,10.6,3.4,-3.3,-8.3,
Taiyo Yuden 6976.T,6976.T,ok,2026-09-24,8935.0,145.9,2.5,-2.3,-52.5,
Tokyo Electron 8035.T,8035.T,ok,2026-09-24,53920.0,47.4,5.9,-2.2,-28.4,
Tokyo Ohka Kogyo 4186.T,4186.T,ok,2026-09-24,8290.0,38.5,4.9,-3.9,-27.7,
Unimicron 3037.TW,3037.TW,ok,2026-09-24,1185.0,442.2,26.1,0.4,21.3,
VRT,VRT,ok,2026-09-23,248.78,41.8,6.0,-2.4,-18.1,
VSH,VSH,ok,2026-09-23,32.6,115.5,3.7,7.5,-42.0,
VST,VST,ok,2026-09-23,137.97,-16.1,-1.6,-0.6,-14.9,
Veolia VIE.PA,VIE.PA,ok,2026-09-24,31.28,8.3,-2.6,-4.0,-14.3,
Walsin 2492.TW,2492.TW,ok,2026-09-24,311.5,151.5,4.9,9.3,-44.2,
Xylem XYL,XYL,ok,2026-09-23,108.64,-19.9,1.1,-4.5,-6.4,
Yageo 2327.TW,2327.TW,ok,2026-09-24,580.0,142.4,9.6,4.5,-45.0,
Zhongji Innolight 300308.SZ,300308.SZ,ok,2026-09-24,895.86,43.9,-0.0,3.4,-21.6,
nVent NVT,NVT,ok,2026-09-23,162.85,53.2,10.9,6.2,0.1,
